OBS.;TOWN;TOWN#;TRACT;LON;LAT;MEDV;CMEDV;CRIM;ZN;INDUS;CHAS;NOX;RM;AGE;DIS;RAD;TAX;PTRATIO;B;LSTAT
1;Nahant;0;2011;-70.955.000;42.255.000;24.0;24.0;0.00632;18.0;2.31;0;0.538;6.575;65.2;40.900;1;296;15.3;396.90;4.98
2;Swampscott;1;2021;-70.950.000;42.287.500;21.6;21.6;0.02731;0.0;7.07;0;0.469;6.421;78.9;49.671;2;242;17.8;396.90;9.14
3;Swampscott;1;2022;-70.936.000;42.283.000;34.7;34.7;0.02729;0.0;7.07;0;0.469;7.185;61.1;49.671;2;242;17.8;392.83;4.03
4;Marblehead;2;2031;-70.928.000;42.293.000;33.4;33.4;0.03237;0.0;2.18;0;0.458;6.998;45.8;60.622;3;222;18.7;394.63;2.94
5;Marblehead;2;2032;-70.922.000;42.298.000;36.2;36.2;0.06905;0.0;2.18;0;0.458;7.147;54.2;60.622;3;222;18.7;396.90;5.33
6;Marblehead;2;2033;-70.916.500;42.304.000;28.7;28.7;0.02985;0.0;2.18;0;0.458;6.430;58.7;60.622;3;222;18.7;394.12;5.21
7;Salem;3;2041;-70.936.000;42.297.000;22.9;22.9;0.08829;12.5;7.87;0;0.524;6.012;66.6;55.605;5;311;15.2;395.60;12.43
8;Salem;3;2042;-70.937.500;42.310.000;27.1;22.1;0.14455;12.5;7.87;0;0.524;6.172;96.1;59.505;5;311;15.2;396.90;19.15
9;Salem;3;2043;-70.933.000;42.312.000;16.5;16.5;0.21124;12.5;7.87;0;0.524;5.631;100.0;60.821;5;311;15.2;386.63;29.93
10;Salem;3;2044;-70.929.000;42.316.000;18.9;18.9;0.17004;12.5;7.87;0;0.524;6.004;85.9;65.921;5;311;15.2;386.71;17.10
11;Salem;3;2045;-70.935.000;42.316.000;15.0;15.0;0.22489;12.5;7.87;0;0.524;6.377;94.3;63.467;5;311;15.2;392.52;20.45
12;Salem;3;2046;-70.944.000;42.317.000;18.9;18.9;0.11747;12.5;7.87;0;0.524;6.009;82.9;62.267;5;311;15.2;396.90;13.27
13;Salem;3;2047;-70.951.000;42.306.000;21.7;21.7;0.09378;12.5;7.87;0;0.524;5.889;39.0;54.509;5;311;15.2;390.50;15.71
14;Lynn;4;2051;-70.964.500;42.292.000;20.4;20.4;0.62976;0.0;8.14;0;0.538;5.949;61.8;47.075;4;307;21.0;396.90;8.26
15;Lynn;4;2052;-70.972.000;42.287.000;18.2;18.2;0.63796;0.0;8.14;0;0.538;6.096;84.5;44.619;4;307;21.0;380.02;10.26
16;Lynn;4;2053;-70.976.500;42.294.000;19.9;19.9;0.62739;0.0;8.14;0;0.538;5.834;56.5;44.986;4;307;21.0;395.62;8.47
17;Lynn;4;2054;-70.987.000;42.298.500;23.1;23.1;105.393;0.0;8.14;0;0.538;5.935;29.3;44.986;4;307;21.0;386.85;6.58
18;Lynn;4;2055;-70.978.000;42.285.000;17.5;17.5;0.78420;0.0;8.14;0;0.538;5.990;81.7;42.579;4;307;21.0;386.75;14.67
19;Lynn;4;2056;-70.992.500;42.282.500;20.2;20.2;0.80271;0.0;8.14;0;0.538;5.456;36.6;37.965;4;307;21.0;288.99;11.69
20;Lynn;4;2057;-70.988.000;42.277.600;18.2;18.2;0.72580;0.0;8.14;0;0.538;5.727;69.5;37.965;4;307;21.0;390.95;11.28
21;Lynn;4;2058;-70.983.500;42.277.000;13.6;13.6;125.179;0.0;8.14;0;0.538;5.570;98.1;37.979;4;307;21.0;376.57;21.02
22;Lynn;4;2059;-70.982.000;42.281.000;19.6;19.6;0.85204;0.0;8.14;0;0.538;5.965;89.2;40.123;4;307;21.0;392.53;13.83
23;Lynn;4;2060;-70.977.500;42.279.000;15.2;15.2;123.247;0.0;8.14;0;0.538;6.142;91.7;39.769;4;307;21.0;396.90;18.72
24;Lynn;4;2061;-70.973.000;42.279.000;14.5;14.5;0.98843;0.0;8.14;0;0.538;5.813;100.0;40.952;4;307;21.0;394.54;19.88
25;Lynn;4;2062;-70.969.300;42.281.600;15.6;15.6;0.75026;0.0;8.14;0;0.538;5.924;94.1;43.996;4;307;21.0;394.33;16.30
26;Lynn;4;2063;-70.964.000;42.284.000;13.9;13.9;0.84054;0.0;8.14;0;0.538;5.599;85.7;44.546;4;307;21.0;303.42;16.51
27;Lynn;4;2064;-70.959.700;42.287.000;16.6;16.6;0.67191;0.0;8.14;0;0.538;5.813;90.3;46.820;4;307;21.0;376.88;14.81
28;Lynn;4;2065;-70.959.700;42.282.500;14.8;14.8;0.95577;0.0;8.14;0;0.538;6.047;88.8;44.534;4;307;21.0;306.38;17.28
29;Lynn;4;2066;-70.957.000;42.280.000;18.4;18.4;0.77299;0.0;8.14;0;0.538;6.495;94.4;44.547;4;307;21.0;387.94;12.80
30;Lynn;4;2067;-70.951.000;42.278.000;21.0;21.0;100.245;0.0;8.14;0;0.538;6.674;87.3;42.390;4;307;21.0;380.23;11.98
31;Lynn;4;2068;-70.967.000;42.279.000;12.7;12.7;113.081;0.0;8.14;0;0.538;5.713;94.1;42.330;4;307;21.0;360.17;22.60
32;Lynn;4;2069;-70.964.000;42.276.500;14.5;14.5;135.472;0.0;8.14;0;0.538;6.072;100.0;41.750;4;307;21.0;376.73;13.04
33;Lynn;4;2070;-70.972.000;42.276.500;13.2;13.2;138.799;0.0;8.14;0;0.538;5.950;82.0;39.900;4;307;21.0;232.60;27.71
34;Lynn;4;2071;-70.979.500;42.276.000;13.1;13.1;115.172;0.0;8.14;0;0.538;5.701;95.0;37.872;4;307;21.0;358.77;18.35
35;Lynn;4;2072;-70.977.500;42.272.000;13.5;13.5;161.282;0.0;8.14;0;0.538;6.096;96.9;37.598;4;307;21.0;248.31;20.34
36;Sargus;5;2081;-71.000.000;42.270.000;18.9;18.9;0.06417;0.0;5.96;0;0.499;5.933;68.2;33.603;5;279;19.2;396.90;9.68
37;Sargus;5;2082;-71.008.000;42.274.500;20.0;20.0;0.09744;0.0;5.96;0;0.499;5.841;61.4;33.779;5;279;19.2;377.56;11.41
38;Sargus;5;2083;-71.004.000;42.286.500;21.0;21.0;0.08014;0.0;5.96;0;0.499;5.850;41.5;39.342;5;279;19.2;396.90;8.77
39;Sargus;5;2084;-71.020.000;42.287.500;24.7;24.2;0.17505;0.0;5.96;0;0.499;5.966;30.2;38.473;5;279;19.2;393.43;10.13
40;Lynnfield;6;2091;-71.013.000;42.313.000;30.8;30.8;0.02763;75.0;2.95;0;0.428;6.595;21.8;54.011;3;252;18.3;395.63;4.32
41;Lynnfield;6;2092;-71.030.000;42.324.000;34.9;34.9;0.03359;75.0;2.95;0;0.428;7.024;15.8;54.011;3;252;18.3;395.62;1.98
42;Peabody;7;2101;-71.004.000;42.335.000;26.6;26.6;0.12744;0.0;6.91;0;0.448;6.770;2.9;57.209;3;233;17.9;385.41;4.84
43;Peabody;7;2102;-71.003.000;42.323.500;25.3;25.3;0.14150;0.0;6.91;0;0.448;6.169;6.6;57.209;3;233;17.9;383.37;5.81
44;Peabody;7;2103;-70.977.500;42.323.700;24.7;24.7;0.15936;0.0;6.91;0;0.448;6.211;6.5;57.209;3;233;17.9;394.46;7.44
45;Peabody;7;2104;-70.967.500;42.317.000;21.2;21.2;0.12269;0.0;6.91;0;0.448;6.069;40.0;57.209;3;233;17.9;389.39;9.55
46;Peabody;7;2105;-70.972.500;42.307.500;19.3;19.3;0.17142;0.0;6.91;0;0.448;5.682;33.8;51.004;3;233;17.9;396.90;10.21
47;Peabody;7;2106;-70.965.000;42.307.500;20.0;20.0;0.18836;0.0;6.91;0;0.448;5.786;33.3;51.004;3;233;17.9;396.90;14.15
48;Peabody;7;2107;-70.956.000;42.312.500;16.6;16.6;0.22927;0.0;6.91;0;0.448;6.030;85.5;56.894;3;233;17.9;392.74;18.80
49;Peabody;7;2108;-70.955.000;42.316.500;14.4;14.4;0.25387;0.0;6.91;0;0.448;5.399;95.3;58.700;3;233;17.9;396.90;30.81
50;Peabody;7;2109;-70.952.500;42.320.800;19.4;19.4;0.21977;0.0;6.91;0;0.448;5.602;62.0;60.877;3;233;17.9;396.90;16.20
51;Danvers;8;2111;-70.951.000;42.334.000;19.7;19.7;0.08873;21.0;5.64;0;0.439;5.963;45.7;68.147;4;243;16.8;395.56;13.45
52;Danvers;8;2112;-70.963.000;42.338.200;20.5;20.5;0.04337;21.0;5.64;0;0.439;6.115;63.0;68.147;4;243;16.8;393.97;9.43
53;Danvers;8;2113;-70.958.000;42.346.000;25.0;25.0;0.05360;21.0;5.64;0;0.439;6.511;21.1;68.147;4;243;16.8;396.90;5.28
54;Danvers;8;2114;-70.978.000;42.342.500;23.4;23.4;0.04981;21.0;5.64;0;0.439;5.998;21.4;68.147;4;243;16.8;396.90;8.43
55;Middleton;9;2121;-71.017.500;42.371.500;18.9;18.9;0.01360;75.0;4;0;0.41;5.888;47.6;73.197;3;469;21.1;396.90;14.80
56;Topsfield;10;2141;-70.962.500;42.381.000;35.4;35.4;0.01311;90.0;1.22;0;0.403;7.249;21.9;86.966;5;226;17.9;395.93;4.81
57;Hamilton;11;2151;-70.930.000;42.374.000;24.7;24.7;0.02055;85.0;0.74;0;0.41;6.383;35.7;91.876;2;313;17.3;396.90;5.77
58;Wenham;12;2161;-70.929.500;42.371.500;31.6;31.6;0.01432;100.0;1.32;0;0.411;6.816;40.5;83.248;5;256;15.1;392.90;3.95
59;Beverly;13;2171;-70.938.500;42.346.000;23.3;23.3;0.15445;25.0;5.13;0;0.453;6.145;29.2;78.148;8;284;19.7;390.68;6.86
60;Beverly;13;2172;-70.940.000;42.332.000;19.6;19.6;0.10328;25.0;5.13;0;0.453;5.927;47.2;69.320;8;284;19.7;396.90;9.22
61;Beverly;13;2173;-70.930.000;42.337.000;18.7;18.7;0.14932;25.0;5.13;0;0.453;5.741;66.2;72.254;8;284;19.7;395.11;13.15
62;Beverly;13;2174;-70.930.000;42.327.500;16.0;16.0;0.17171;25.0;5.13;0;0.453;5.966;93.4;68.185;8;284;19.7;378.08;14.44
63;Beverly;13;2175;-70.921.500;42.332.000;22.2;22.2;0.11027;25.0;5.13;0;0.453;6.456;67.8;72.255;8;284;19.7;396.90;6.73
64;Beverly;13;2176;-70.907.500;42.339.000;25.0;25.0;0.12650;25.0;5.13;0;0.453;6.762;43.4;79.809;8;284;19.7;395.58;9.50
65;Manchester;14;2181;-70.860.000;42.345.000;33.0;33.0;0.01951;17.5;1.38;0;0.4161;7.104;59.5;92.229;3;216;18.6;393.24;8.05
66;North Reading;15;3301;-71.045.000;42.345.000;23.5;23.5;0.03584;80.0;3.37;0;0.398;6.290;17.8;66.115;4;337;16.1;396.90;4.67
67;North Reading;15;3302;-71.069.000;42.352.500;19.4;19.4;0.04379;80.0;3.37;0;0.398;5.787;31.1;66.115;4;337;16.1;396.90;10.24
68;Wilmington;16;3311;-71.090.000;42.336.200;22.0;22.0;0.05789;12.5;6.07;0;0.409;5.878;21.4;64.980;4;345;18.9;396.21;8.10
69;Wilmington;16;3312;-71.108.000;42.340.000;17.4;17.4;0.13554;12.5;6.07;0;0.409;5.594;36.8;64.980;4;345;18.9;396.90;13.09
70;Wilmington;16;3313;-71.111.000;42.327.000;20.9;20.9;0.12816;12.5;6.07;0;0.409;5.885;33.0;64.980;4;345;18.9;396.90;8.79
71;Burlington;17;3321;-71.121.000;42.316.000;24.2;24.2;0.08826;0.0;10.81;0;0.413;6.417;6.6;52.873;4;305;19.2;383.73;6.72
72;Burlington;17;3322;-71.109.500;42.300.800;21.7;21.7;0.15876;0.0;10.81;0;0.413;5.961;17.5;52.873;4;305;19.2;376.94;9.88
73;Burlington;17;3323;-71.130.000;42.305.000;22.8;22.8;0.09164;0.0;10.81;0;0.413;6.065;7.8;52.873;4;305;19.2;390.91;5.52
74;Burlington;17;3324;-71.123.000;42.292.000;23.4;23.4;0.19539;0.0;10.81;0;0.413;6.245;6.2;52.873;4;305;19.2;377.17;7.54
75;Woburn;18;3331;-71.110.500;42.289.000;24.1;24.1;0.07896;0.0;12.83;0;0.437;6.273;6.0;42.515;5;398;18.7;394.92;6.78
76;Woburn;18;3332;-71.100.000;42.287.500;21.4;21.4;0.09512;0.0;12.83;0;0.437;6.286;45.0;45.026;5;398;18.7;383.23;8.94
77;Woburn;18;3333;-71.090.000;42.283.500;20.0;20.0;0.10153;0.0;12.83;0;0.437;6.279;74.5;40.522;5;398;18.7;373.66;11.97
78;Woburn;18;3334;-71.076.000;42.289.500;20.8;20.8;0.08707;0.0;12.83;0;0.437;6.140;45.8;40.905;5;398;18.7;386.96;10.27
79;Woburn;18;3335;-71.090.500;42.295.000;21.2;21.2;0.05646;0.0;12.83;0;0.437;6.232;53.7;50.141;5;398;18.7;386.40;12.34
80;Woburn;18;3336;-71.091.000;42.305.000;20.3;20.3;0.08387;0.0;12.83;0;0.437;5.874;36.6;45.026;5;398;18.7;396.06;9.10
81;Reading;19;3341;-71.068.500;42.308.000;28.0;28.0;0.04113;25.0;4.86;0;0.426;6.727;33.5;54.007;4;281;19.0;396.90;5.29
82;Reading;19;3342;-71.069.000;42.315.000;23.9;23.9;0.04462;25.0;4.86;0;0.426;6.619;70.4;54.007;4;281;19.0;395.63;7.22
83;Reading;19;3343;-71.067.500;42.326.000;24.8;24.8;0.03659;25.0;4.86;0;0.426;6.302;32.2;54.007;4;281;19.0;396.90;6.72
84;Reading;19;3344;-71.057.500;42.317.000;22.9;22.9;0.03551;25.0;4.86;0;0.426;6.167;46.7;54.007;4;281;19.0;390.64;7.51
85;Wakefield;20;3351;-71.043.000;42.307.500;23.9;23.9;0.05059;0.0;4.49;0;0.449;6.389;48.0;47.794;3;247;18.5;396.90;9.62
86;Wakefield;20;3352;-71.050.000;42.300.000;26.6;26.6;0.05735;0.0;4.49;0;0.449;6.630;56.1;44.377;3;247;18.5;392.30;6.53
87;Wakefield;20;3353;-71.033.000;42.305.000;22.5;22.5;0.05188;0.0;4.49;0;0.449;6.015;45.1;44.272;3;247;18.5;395.99;12.86
88;Wakefield;20;3354;-71.039.000;42.288.500;22.2;22.2;0.07151;0.0;4.49;0;0.449;6.121;56.8;37.476;3;247;18.5;395.15;8.44
89;Melrose;21;3361;-71.042.000;42.279.600;23.6;23.6;0.05660;0.0;3.41;0;0.489;7.007;86.3;34.217;2;270;17.8;396.90;5.50
90;Melrose;21;3362;-71.034.500;42.278.500;28.7;28.7;0.05302;0.0;3.41;0;0.489;7.079;63.1;34.145;2;270;17.8;396.06;5.70
91;Melrose;21;3363;-71.030.000;42.272.000;22.6;22.6;0.04684;0.0;3.41;0;0.489;6.417;66.1;30.923;2;270;17.8;392.18;8.81
92;Melrose;21;3364;-71.042.500;42.271.500;22.0;22.0;0.03932;0.0;3.41;0;0.489;6.405;73.9;30.921;2;270;17.8;393.55;8.20
93;Stoneham;22;3371;-71.053.000;42.283.000;22.9;22.9;0.04203;28.0;15.04;0;0.464;6.442;53.6;36.659;4;270;18.2;395.01;8.16
94;Stoneham;22;3372;-71.062.000;42.296.000;25.0;25.0;0.02875;28.0;15.04;0;0.464;6.211;28.9;36.659;4;270;18.2;396.33;6.21
95;Stoneham;22;3373;-71.061.500;42.284.000;20.6;20.6;0.04294;28.0;15.04;0;0.464;6.249;77.3;36.150;4;270;18.2;396.90;10.59
96;Winchester;23;3381;-71.076.000;42.277.500;28.4;28.4;0.12204;0.0;2.89;0;0.445;6.625;57.8;34.952;2;276;18.0;357.98;6.65
97;Winchester;23;3382;-71.085.000;42.277.500;21.4;21.4;0.11504;0.0;2.89;0;0.445;6.163;69.6;34.952;2;276;18.0;391.83;11.34
98;Winchester;23;3383;-71.089.000;42.271.500;38.7;38.7;0.12083;0.0;2.89;0;0.445;8.069;76.0;34.952;2;276;18.0;396.90;4.21
99;Winchester;23;3384;-71.098.200;42.268.500;43.8;43.8;0.08187;0.0;2.89;0;0.445;7.820;36.9;34.952;2;276;18.0;393.53;3.57
100;Winchester;23;3385;-71.080.000;42.268.000;33.2;33.2;0.06860;0.0;2.89;0;0.445;7.416;62.5;34.952;2;276;18.0;396.90;6.19
101;Medford;24;3391;-71.066.800;42.254.500;27.5;27.5;0.14866;0.0;8.56;0;0.52;6.727;79.9;27.778;5;384;20.9;394.76;9.42
102;Medford;24;3392;-71.081.000;42.245.000;26.5;26.5;0.11432;0.0;8.56;0;0.52;6.781;71.3;28.561;5;384;20.9;395.58;7.67
103;Medford;24;3393;-71.081.200;42.251.500;18.6;18.6;0.22876;0.0;8.56;0;0.52;6.405;85.4;27.147;5;384;20.9;70.80;10.63
104;Medford;24;3394;-71.077.000;42.249.000;19.3;19.3;0.21161;0.0;8.56;0;0.52;6.137;87.4;27.147;5;384;20.9;394.47;13.44
105;Medford;24;3395;-71.069.000;42.248.000;20.1;20.1;0.13960;0.0;8.56;0;0.52;6.167;90.0;24.210;5;384;20.9;392.69;12.33
106;Medford;24;3396;-71.066.200;42.242.500;19.5;19.5;0.13262;0.0;8.56;0;0.52;5.851;96.7;21.069;5;384;20.9;394.05;16.47
107;Medford;24;3397;-71.062.200;42.243.100;19.5;19.5;0.17120;0.0;8.56;0;0.52;5.836;91.9;22.110;5;384;20.9;395.67;18.66
108;Medford;24;3398;-71.055.300;42.246.500;20.4;20.4;0.13117;0.0;8.56;0;0.52;6.127;85.2;21.224;5;384;20.9;387.69;14.09
109;Medford;24;3399;-71.055.000;42.250.500;19.8;19.8;0.12802;0.0;8.56;0;0.52;6.474;97.1;24.329;5;384;20.9;395.24;12.27
110;Medford;24;3400;-71.060.000;42.254.000;19.4;19.4;0.26363;0.0;8.56;0;0.52;6.229;91.2;25.451;5;384;20.9;391.23;15.55
111;Medford;24;3401;-71.056.000;42.260.500;21.7;21.7;0.10793;0.0;8.56;0;0.52;6.195;54.4;27.778;5;384;20.9;393.49;13.00
112;Malden;25;3411;-71.047.500;42.261.000;22.8;22.8;0.10084;0.0;10.01;0;0.547;6.715;81.6;26.775;6;432;17.8;395.59;10.16
113;Malden;25;3412;-71.049.000;42.253.000;18.8;18.8;0.12329;0.0;10.01;0;0.547;5.913;92.9;23.534;6;432;17.8;394.95;16.21
114;Malden;25;3413;-71.042.800;42.258.000;18.7;18.7;0.22212;0.0;10.01;0;0.547;6.092;95.4;25.480;6;432;17.8;396.90;17.09
115;Malden;25;3414;-71.039.600;42.251.200;18.5;18.5;0.14231;0.0;10.01;0;0.547;6.254;84.2;22.565;6;432;17.8;388.74;10.45
116;Malden;25;3415;-71.035.500;42.254.500;18.3;18.3;0.17134;0.0;10.01;0;0.547;5.928;88.2;24.631;6;432;17.8;344.91;15.76
117;Malden;25;3416;-71.036.000;42.260.800;21.2;21.2;0.13158;0.0;10.01;0;0.547;6.176;72.5;27.301;6;432;17.8;393.30;12.04
118;Malden;25;3417;-71.028.500;42.262.000;19.2;19.2;0.15098;0.0;10.01;0;0.547;6.021;82.6;27.474;6;432;17.8;394.51;10.30
119;Malden;25;3418;-71.028.500;42.258.000;20.4;20.4;0.13058;0.0;10.01;0;0.547;5.872;73.1;24.775;6;432;17.8;338.63;15.37
120;Malden;25;3419;-71.019.000;42.260.500;19.3;19.3;0.14476;0.0;10.01;0;0.547;5.731;65.2;27.592;6;432;17.8;391.50;13.61
121;Everett;26;3421;-71.024.300;42.248.300;22.0;22.0;0.06899;0.0;25.65;0;0.581;5.870;69.7;22.577;2;188;19.1;389.15;14.37
122;Everett;26;3422;-71.031.200;42.250.500;20.3;20.3;0.07165;0.0;25.65;0;0.581;6.004;84.1;21.974;2;188;19.1;377.67;14.27
123;Everett;26;3423;-71.037.700;42.247.000;20.5;20.5;0.09299;0.0;25.65;0;0.581;5.961;92.9;20.869;2;188;19.1;378.09;17.93
124;Everett;26;3424;-71.037.000;42.243.500;17.3;17.3;0.15038;0.0;25.65;0;0.581;5.856;97.0;19.444;2;188;19.1;370.31;25.41
125;Everett;26;3425;-71.030.800;42.245.000;18.8;18.8;0.09849;0.0;25.65;0;0.581;5.879;95.8;20.063;2;188;19.1;379.38;17.58
126;Everett;26;3426;-71.026.200;42.243.100;21.4;21.4;0.16902;0.0;25.65;0;0.581;5.986;88.4;19.929;2;188;19.1;385.02;14.81
127;Everett;26;3427;-71.033.300;42.239.500;15.7;15.7;0.38735;0.0;25.65;0;0.581;5.613;95.6;17.572;2;188;19.1;359.29;27.26
128;Somerville;27;3501;-71.053.000;42.235.500;16.2;16.2;0.25915;0.0;21.89;0;0.624;5.693;96.0;17.883;4;437;21.2;392.11;17.19
129;Somerville;27;3502;-71.058.000;42.235.000;18.0;18.0;0.32543;0.0;21.89;0;0.624;6.431;98.8;18.125;4;437;21.2;396.90;15.39
130;Somerville;27;3503;-71.063.800;42.236.800;14.3;14.3;0.88125;0.0;21.89;0;0.624;5.637;94.7;19.799;4;437;21.2;396.90;18.34
131;Somerville;27;3504;-71.069.200;42.239.000;19.2;19.2;0.34006;0.0;21.89;0;0.624;6.458;98.9;21.185;4;437;21.2;395.04;12.60
132;Somerville;27;3505;-71.075.000;42.240.000;19.6;19.6;119.294;0.0;21.89;0;0.624;6.326;97.7;22.710;4;437;21.2;396.90;12.26
133;Somerville;27;3506;-71.074.500;42.240.500;23.0;23.0;0.59005;0.0;21.89;0;0.624;6.372;97.9;23.274;4;437;21.2;385.76;11.12
134;Somerville;27;3507;-71.079.000;42.245.000;18.4;18.4;0.32982;0.0;21.89;0;0.624;5.822;95.4;24.699;4;437;21.2;388.69;15.03
135;Somerville;27;3508;-71.076.000;42.240.500;15.6;15.6;0.97617;0.0;21.89;0;0.624;5.757;98.4;23.460;4;437;21.2;262.76;17.31
136;Somerville;27;3509;-71.075.000;42.236.200;18.1;18.1;0.55778;0.0;21.89;0;0.624;6.335;98.2;21.107;4;437;21.2;394.67;16.96
137;Somerville;27;3510;-71.067.700;42.233.500;17.4;17.4;0.32264;0.0;21.89;0;0.624;5.942;93.5;19.669;4;437;21.2;378.25;16.90
138;Somerville;27;3511;-71.063.000;42.232.500;17.1;17.1;0.35233;0.0;21.89;0;0.624;6.454;98.4;18.498;4;437;21.2;394.08;14.59
139;Somerville;27;3512;-71.062.000;42.227.500;13.3;13.3;0.24980;0.0;21.89;0;0.624;5.857;98.2;16.686;4;437;21.2;392.04;21.32
140;Somerville;27;3513;-71.056.800;42.230.000;17.8;17.8;0.54452;0.0;21.89;0;0.624;6.151;97.9;16.687;4;437;21.2;396.90;18.46
141;Somerville;27;3514;-71.051.800;42.231.200;14.0;14.0;0.29090;0.0;21.89;0;0.624;6.174;93.6;16.119;4;437;21.2;388.08;24.16
142;Somerville;27;3515;-71.054.300;42.226.500;14.4;14.4;162.864;0.0;21.89;0;0.624;5.019;100.0;14.394;4;437;21.2;396.90;34.41
143;Cambridge;28;3521;-71.048.000;42.222.200;13.4;13.4;332.105;0.0;19.58;1;0.871;5.403;100.0;13.216;5;403;14.7;396.90;26.82
144;Cambridge;28;3522;-71.051.900;42.223.000;15.6;15.6;409.740;0.0;19.58;0;0.871;5.468;100.0;14.118;5;403;14.7;396.90;26.42
145;Cambridge;28;3523;-71.051.000;42.220.500;11.8;11.8;277.974;0.0;19.58;0;0.871;4.903;97.8;13.459;5;403;14.7;396.90;29.29
146;Cambridge;28;3524;-71.054.000;42.219.000;13.8;13.8;237.934;0.0;19.58;0;0.871;6.130;100.0;14.191;5;403;14.7;172.91;27.80
147;Cambridge;28;3525;-71.059.000;42.221.000;15.6;15.6;215.505;0.0;19.58;0;0.871;5.628;100.0;15.166;5;403;14.7;169.27;16.65
148;Cambridge;28;3526;-71.055.500;42.222.200;14.6;14.6;236.862;0.0;19.58;0;0.871;4.926;95.7;14.608;5;403;14.7;391.71;29.53
149;Cambridge;28;3527;-71.056.700;42.224.000;17.8;17.8;233.099;0.0;19.58;0;0.871;5.186;93.8;15.296;5;403;14.7;356.99;28.32
150;Cambridge;28;3528;-71.058.000;42.223.000;15.4;15.4;273.397;0.0;19.58;0;0.871;5.597;94.9;15.257;5;403;14.7;351.85;21.45
151;Cambridge;28;3529;-71.062.000;42.223.600;21.5;21.5;165.660;0.0;19.58;0;0.871;6.122;97.3;16.180;5;403;14.7;372.80;14.10
152;Cambridge;28;3530;-71.062.200;42.220.500;19.6;19.6;149.632;0.0;19.58;0;0.871;5.404;100.0;15.916;5;403;14.7;341.60;13.28
153;Cambridge;28;3531;-71.059.000;42.217.000;15.3;15.3;112.658;0.0;19.58;1;0.871;5.012;88.0;16.102;5;403;14.7;343.28;12.12
154;Cambridge;28;3532;-71.064.500;42.215.000;19.4;19.4;214.918;0.0;19.58;0;0.871;5.709;98.5;16.232;5;403;14.7;261.95;15.79
155;Cambridge;28;3533;-71.066.200;42.216.200;17.0;17.0;141.385;0.0;19.58;1;0.871;6.129;96.0;17.494;5;403;14.7;321.02;15.12
156;Cambridge;28;3534;-71.068.000;42.215.000;15.6;15.6;353.501;0.0;19.58;1;0.871;6.152;82.6;17.455;5;403;14.7;88.01;15.02
157;Cambridge;28;3535;-71.066.700;42.220.000;13.1;13.1;244.668;0.0;19.58;0;0.871;5.272;94.0;17.364;5;403;14.7;88.63;16.14
158;Cambridge;28;3536;-71.069.000;42.228.500;41.3;41.3;122.358;0.0;19.58;0;0.605;6.943;97.4;18.773;5;403;14.7;363.43;4.59
159;Cambridge;28;3537;-71.067.000;42.224.500;24.3;24.3;134.284;0.0;19.58;0;0.605;6.066;100.0;17.573;5;403;14.7;353.89;6.43
160;Cambridge;28;3538;-71.065.000;42.222.300;23.3;23.3;142.502;0.0;19.58;0;0.871;6.510;100.0;17.659;5;403;14.7;364.31;7.39
161;Cambridge;28;3539;-71.070.000;42.221.400;27.0;27.0;127.346;0.0;19.58;1;0.605;6.250;92.6;17.984;5;403;14.7;338.92;5.50
162;Cambridge;28;3540;-71.073.500;42.228.200;50.0;50.0;146.336;0.0;19.58;0;0.605;7.489;90.8;19.709;5;403;14.7;374.43;1.73
163;Cambridge;28;3541;-71.077.000;42.225.000;50.0;50.0;183.377;0.0;19.58;1;0.605;7.802;98.2;20.407;5;403;14.7;389.61;1.92
164;Cambridge;28;3542;-71.081.500;42.225.000;50.0;50.0;151.902;0.0;19.58;1;0.605;8.375;93.9;21.620;5;403;14.7;388.45;3.32
165;Cambridge;28;3543;-71.091.800;42.226.500;22.7;22.7;224.236;0.0;19.58;0;0.605;5.854;91.8;24.220;5;403;14.7;395.11;11.64
166;Cambridge;28;3544;-71.082.000;42.229.500;25.0;25.0;292.400;0.0;19.58;0;0.605;6.101;93.0;22.834;5;403;14.7;240.16;9.81
167;Cambridge;28;3545;-71.077.000;42.230.500;50.0;50.0;201.019;0.0;19.58;0;0.605;7.929;96.2;20.459;5;403;14.7;369.30;3.70
168;Cambridge;28;3546;-71.086.600;42.234.500;23.8;23.8;180.028;0.0;19.58;0;0.605;5.877;79.2;24.259;5;403;14.7;227.61;12.14
169;Cambridge;28;3547;-71.074.000;42.233.100;23.8;23.8;230.040;0.0;19.58;0;0.605;6.319;96.1;21.000;5;403;14.7;297.09;11.10
170;Cambridge;28;3548;-71.077.500;42.235.100;22.3;22.3;244.953;0.0;19.58;0;0.605;6.402;95.2;22.625;5;403;14.7;330.04;11.32
171;Cambridge;28;3549;-71.081.000;42.236.800;17.4;17.4;120.742;0.0;19.58;0;0.605;5.875;94.6;24.259;5;403;14.7;292.29;14.43
172;Cambridge;28;3550;-71.079.200;42.239.000;19.1;19.1;231.390;0.0;19.58;0;0.605;5.880;97.3;23.887;5;403;14.7;348.13;12.03
173;Arlington;29;3561;-71.087.000;42.241.600;23.1;23.1;0.13914;0.0;4.05;0;0.51;5.572;88.5;25.961;5;296;16.6;396.90;14.69
174;Arlington;29;3562;-71.085.500;42.245.000;23.6;23.6;0.09178;0.0;4.05;0;0.51;6.416;84.1;26.463;5;296;16.6;395.50;9.04
175;Arlington;29;3563;-71.083.300;42.247.500;22.6;22.6;0.08447;0.0;4.05;0;0.51;5.859;68.7;27.019;5;296;16.6;393.23;9.64
176;Arlington;29;3564;-71.094.000;42.257.500;29.4;29.4;0.06664;0.0;4.05;0;0.51;6.546;33.1;31.323;5;296;16.6;390.96;5.33
177;Arlington;29;3565;-71.112.500;42.255.000;23.2;23.2;0.07022;0.0;4.05;0;0.51;6.020;47.2;35.549;5;296;16.6;393.23;10.11
178;Arlington;29;3566;-71.106.000;42.251.200;24.6;24.6;0.05425;0.0;4.05;0;0.51;6.315;73.4;33.175;5;296;16.6;395.60;6.29
179;Arlington;29;3567;-71.096.500;42.247.000;29.9;29.9;0.06642;0.0;4.05;0;0.51;6.860;74.4;29.153;5;296;16.6;391.27;6.92
180;Belmont;30;3571;-71.100.000;42.240.800;37.2;37.2;0.05780;0.0;2.46;0;0.488;6.980;58.4;28.290;3;193;17.8;396.90;5.04
181;Belmont;30;3572;-71.099.500;42.234.500;39.8;39.8;0.06588;0.0;2.46;0;0.488;7.765;83.3;27.410;3;193;17.8;395.56;7.56
182;Belmont;30;3573;-71.096.600;42.228.200;36.2;36.2;0.06888;0.0;2.46;0;0.488;6.144;62.2;25.979;3;193;17.8;396.90;9.45
183;Belmont;30;3574;-71.100.500;42.228.700;37.9;37.9;0.09103;0.0;2.46;0;0.488;7.155;92.2;27.006;3;193;17.8;394.12;4.82
184;Belmont;30;3575;-71.106.500;42.230.000;32.5;32.5;0.10008;0.0;2.46;0;0.488;6.563;95.6;28.470;3;193;17.8;396.90;5.68
185;Belmont;30;3576;-71.112.000;42.230.000;26.4;26.4;0.08308;0.0;2.46;0;0.488;5.604;89.8;29.879;3;193;17.8;391.00;13.98
186;Belmont;30;3577;-71.117.500;42.235.000;29.6;29.6;0.06047;0.0;2.46;0;0.488;6.153;68.8;32.797;3;193;17.8;387.11;13.15
187;Belmont;30;3578;-71.111.500;42.244.200;50.0;50.0;0.05602;0.0;2.46;0;0.488;7.831;53.6;31.992;3;193;17.8;392.63;4.45
188;Lexington;31;3581;-71.122.000;42.256.500;32.0;32.0;0.07875;45.0;3.44;0;0.437;6.782;41.1;37.886;5;398;15.2;393.87;6.68
189;Lexington;31;3583;-71.140.800;42.255.000;29.8;29.8;0.12579;45.0;3.44;0;0.437;6.556;29.1;45.667;5;398;15.2;382.84;4.56
190;Lexington;31;3584;-71.145.000;42.265.100;34.9;34.9;0.08370;45.0;3.44;0;0.437;7.185;38.9;45.667;5;398;15.2;396.90;5.39
191;Lexington;31;3585;-71.121.600;42.270.000;37.0;33.0;0.09068;45.0;3.44;0;0.437;6.951;21.5;64.798;5;398;15.2;377.68;5.10
192;Lexington;31;3586;-71.148.500;42.276.500;30.5;30.5;0.06911;45.0;3.44;0;0.437;6.739;30.8;64.798;5;398;15.2;389.71;4.69
193;Lexington;31;3587;-71.134.000;42.278.500;36.4;36.4;0.08664;45.0;3.44;0;0.437;7.178;26.3;64.798;5;398;15.2;390.49;2.87
194;Bedford;32;3591;-71.152.500;42.300.000;31.1;31.1;0.02187;60.0;2.93;0;0.401;6.800;9.9;62.196;1;265;15.6;393.37;5.03
195;Bedford;32;3592;-71.163.300;42.303.000;29.1;29.1;0.01439;60.0;2.93;0;0.401;6.604;18.8;62.196;1;265;15.6;376.70;4.38
196;Lincoln;33;3602;-71.189.000;42.252.500;50.0;50.0;0.01381;80.0;0.46;0;0.422;7.875;32.0;56.484;4;255;14.4;394.23;2.97
197;Concord;34;3611;-71.220.000;42.271.500;33.3;33.3;0.04011;80.0;1.52;0;0.404;7.287;34.1;73.090;2;329;12.6;396.90;4.08
198;Concord;34;3612;-71.240.000;42.272.500;30.3;30.3;0.04666;80.0;1.52;0;0.404;7.107;36.6;73.090;2;329;12.6;354.31;8.61
199;Concord;34;3613;-71.222.000;42.289.000;34.6;34.6;0.03768;80.0;1.52;0;0.404;7.274;38.3;73.090;2;329;12.6;392.20;6.62
200;Sudbury;35;3651;-71.244.000;42.242.500;34.9;34.9;0.03150;95.0;1.47;0;0.403;6.975;15.3;76.534;3;402;17.0;396.90;4.56
201;Sudbury;35;3652;-71.263.000;42.222.500;32.9;32.9;0.01778;95.0;1.47;0;0.403;7.135;13.9;76.534;3;402;17.0;384.30;4.45
202;Wayland;36;3661;-71.218.500;42.195.500;24.1;24.1;0.03445;82.5;2.03;0;0.415;6.162;38.4;62.700;2;348;14.7;393.77;7.43
203;Wayland;36;3662;-71.214.000;42.218.000;42.3;42.3;0.02177;82.5;2.03;0;0.415;7.610;15.7;62.700;2;348;14.7;395.38;3.11
204;Weston;37;3671;-71.199.000;42.232.000;48.5;48.5;0.03510;95.0;2.68;0;0.4161;7.853;33.2;51.180;4;224;14.7;392.78;3.81
205;Weston;37;3672;-71.199.000;42.205.800;50.0;50.0;0.02009;95.0;2.68;0;0.4161;8.034;31.9;51.180;4;224;14.7;390.55;2.88
206;Waltham;38;3681;-71.147.500;42.244.500;22.6;22.6;0.13642;0.0;10.59;0;0.489;5.891;22.3;39.454;4;277;18.6;396.90;10.87
207;Waltham;38;3682;-71.150.000;42.230.800;24.4;24.4;0.22969;0.0;10.59;0;0.489;6.326;52.5;43.549;4;277;18.6;394.87;10.97
208;Waltham;38;3683;-71.149.000;42.226.800;22.5;22.5;0.25199;0.0;10.59;0;0.489;5.783;72.7;43.549;4;277;18.6;389.43;18.06
209;Waltham;38;3684;-71.150.300;42.222.000;24.4;24.4;0.13587;0.0;10.59;1;0.489;6.064;59.1;42.392;4;277;18.6;381.32;14.66
210;Waltham;38;3685;-71.143.000;42.221.700;20.0;20.0;0.43571;0.0;10.59;1;0.489;5.344;100.0;38.750;4;277;18.6;396.90;23.09
211;Waltham;38;3686;-71.143.500;42.217.700;21.7;21.7;0.17446;0.0;10.59;1;0.489;5.960;92.1;38.771;4;277;18.6;393.25;17.27
212;Waltham;38;3687;-71.138.000;42.221.600;19.3;19.3;0.37578;0.0;10.59;1;0.489;5.404;88.6;36.650;4;277;18.6;395.24;23.98
213;Waltham;38;3688;-71.133.500;42.225.000;22.4;22.4;0.21719;0.0;10.59;1;0.489;5.807;53.8;36.526;4;277;18.6;390.94;16.03
214;Waltham;38;3689;-71.137.500;42.235.500;28.1;28.1;0.14052;0.0;10.59;0;0.489;6.375;32.3;39.454;4;277;18.6;385.81;9.38
215;Waltham;38;3690;-71.127.000;42.235.000;23.7;23.7;0.28955;0.0;10.59;0;0.489;5.412;9.8;35.875;4;277;18.6;348.93;29.55
216;Waltham;38;3691;-71.124.500;42.227.700;25.0;25.0;0.19802;0.0;10.59;0;0.489;6.182;42.4;39.454;4;277;18.6;393.63;9.47
217;Watertown;39;3701;-71.116.600;42.223.000;23.3;23.3;0.04560;0.0;13.89;1;0.55;5.888;56.0;31.121;5;276;16.4;392.80;13.51
218;Watertown;39;3702;-71.105.000;42.223.500;28.7;28.7;0.07013;0.0;13.89;0;0.55;6.642;85.1;34.211;5;276;16.4;392.78;9.69
219;Watertown;39;3703;-71.093.300;42.222.000;21.5;21.5;0.11069;0.0;13.89;1;0.55;5.951;93.8;28.893;5;276;16.4;396.90;17.92
220;Watertown;39;3704;-71.106.000;42.218.500;23.0;23.0;0.11425;0.0;13.89;1;0.55;6.373;92.4;33.633;5;276;16.4;393.74;10.50
221;Newton;40;3731;-71.110.000;42.213.700;26.7;26.7;0.35809;0.0;6.2;1;0.507;6.951;88.5;28.617;8;307;17.4;391.70;9.71
222;Newton;40;3732;-71.121.000;42.216.600;21.7;21.7;0.40771;0.0;6.2;1;0.507;6.164;91.3;30.480;8;307;17.4;395.24;21.46
223;Newton;40;3733;-71.125.000;42.213.400;27.5;27.5;0.62356;0.0;6.2;1;0.507;6.879;77.7;32.721;8;307;17.4;390.39;9.93
224;Newton;40;3734;-71.120.800;42.218.300;30.1;30.1;0.61470;0.0;6.2;0;0.507;6.618;80.8;32.721;8;307;17.4;396.90;7.60
225;Newton;40;3735;-71.110.000;42.206.000;44.8;44.8;0.31533;0.0;6.2;0;0.504;8.266;78.3;28.944;8;307;17.4;385.05;4.14
226;Newton;40;3736;-71.101.200;42.197.500;50.0;50.0;0.52693;0.0;6.2;0;0.504;8.725;83.0;28.944;8;307;17.4;382.00;4.63
227;Newton;40;3737;-71.121.500;42.202.500;37.6;37.6;0.38214;0.0;6.2;0;0.504;8.040;86.5;32.157;8;307;17.4;387.38;3.13
228;Newton;40;3738;-71.116.000;42.194.700;31.6;31.6;0.41238;0.0;6.2;0;0.504;7.163;79.9;32.157;8;307;17.4;372.08;6.36
229;Newton;40;3739;-71.110.000;42.185.000;46.7;46.7;0.29819;0.0;6.2;0;0.504;7.686;17.0;33.751;8;307;17.4;377.51;3.92
230;Newton;40;3740;-71.119.000;42.180.700;31.5;31.5;0.44178;0.0;6.2;0;0.504;6.552;21.4;33.751;8;307;17.4;380.34;3.76
231;Newton;40;3741;-71.130.000;42.188.000;24.3;24.3;0.53700;0.0;6.2;0;0.504;5.981;68.1;36.715;8;307;17.4;378.35;11.65
232;Newton;40;3742;-71.128.500;42.193.000;31.7;31.7;0.46296;0.0;6.2;0;0.504;7.412;76.9;36.715;8;307;17.4;376.14;5.25
233;Newton;40;3743;-71.140.000;42.194.600;41.7;41.7;0.57529;0.0;6.2;0;0.507;8.337;73.3;38.384;8;307;17.4;385.91;2.47
234;Newton;40;3744;-71.134.000;42.204.000;48.3;48.3;0.33147;0.0;6.2;0;0.507;8.247;70.4;36.519;8;307;17.4;378.95;3.95
235;Newton;40;3745;-71.132.000;42.214.200;29.0;29.0;0.44791;0.0;6.2;1;0.507;6.726;66.5;36.519;8;307;17.4;360.20;8.05
236;Newton;40;3746;-71.138.000;42.214.100;24.0;24.0;0.33045;0.0;6.2;0;0.507;6.086;61.5;36.519;8;307;17.4;376.75;10.88
237;Newton;40;3747;-71.148.500;42.211.000;25.1;25.1;0.52058;0.0;6.2;1;0.507;6.631;76.5;41.480;8;307;17.4;388.45;9.54
238;Newton;40;3748;-71.149.100;42.203.000;31.5;31.5;0.51183;0.0;6.2;0;0.507;7.358;71.6;41.480;8;307;17.4;390.07;4.73
239;Natick;41;3821;-71.205.500;42.187.500;23.7;23.7;0.08244;30.0;4.93;0;0.428;6.481;18.5;61.899;6;300;16.6;379.41;6.36
240;Natick;41;3822;-71.203.500;42.187.000;23.3;23.3;0.09252;30.0;4.93;0;0.428;6.606;42.2;61.899;6;300;16.6;383.78;7.37
241;Natick;41;3823;-71.196.600;42.164.000;22.0;27.0;0.11329;30.0;4.93;0;0.428;6.897;54.3;63.361;6;300;16.6;391.25;11.38
242;Natick;41;3824;-71.213.800;42.164.500;20.1;20.1;0.10612;30.0;4.93;0;0.428;6.095;65.1;63.361;6;300;16.6;394.62;12.40
243;Natick;41;3825;-71.220.000;42.178.200;22.2;22.2;0.10290;30.0;4.93;0;0.428;6.358;52.9;70.355;6;300;16.6;372.75;11.22
244;Natick;41;3826;-71.232.000;42.172.500;23.7;23.7;0.12757;30.0;4.93;0;0.428;6.393;7.8;70.355;6;300;16.6;374.71;5.19
245;Framingham;42;3831;-71.243.500;42.163.000;17.6;17.6;0.20608;22.0;5.86;0;0.431;5.593;76.5;79.549;7;330;19.1;372.49;12.50
246;Framingham;42;3832;-71.257.500;42.161.800;18.5;18.5;0.19133;22.0;5.86;0;0.431;5.605;70.2;79.549;7;330;19.1;389.13;18.46
247;Framingham;42;3833;-71.262.000;42.169.000;24.3;24.3;0.33983;22.0;5.86;0;0.431;6.108;34.9;80.555;7;330;19.1;390.18;9.16
248;Framingham;42;3834;-71.247.000;42.170.300;20.5;20.5;0.19657;22.0;5.86;0;0.431;6.226;79.2;80.555;7;330;19.1;376.14;10.15
249;Framingham;42;3835;-71.255.000;42.176.700;24.5;24.5;0.16439;22.0;5.86;0;0.431;6.433;49.1;78.265;7;330;19.1;374.71;9.52
250;Framingham;42;3836;-71.247.500;42.182.500;26.2;26.2;0.19073;22.0;5.86;0;0.431;6.718;17.5;78.265;7;330;19.1;393.74;6.56
251;Framingham;42;3837;-71.238.000;42.191.000;24.4;24.4;0.14030;22.0;5.86;0;0.431;6.487;13.0;73.967;7;330;19.1;396.28;5.90
252;Framingham;42;3838;-71.243.500;42.198.200;24.8;24.8;0.21409;22.0;5.86;0;0.431;6.438;8.9;73.967;7;330;19.1;377.07;3.59
253;Framingham;42;3839;-71.268.500;42.193.500;29.6;29.6;0.08221;22.0;5.86;0;0.431;6.957;6.8;89.067;7;330;19.1;386.09;3.53
254;Framingham;42;3840;-71.280.700;42.172.700;42.8;42.8;0.36894;22.0;5.86;0;0.431;8.259;8.4;89.067;7;330;19.1;396.90;3.54
255;Ashland;43;3851;-71.289.500;42.157.500;21.9;21.9;0.04819;80.0;3.64;0;0.392;6.108;32.0;92.203;1;315;16.4;392.89;6.57
256;Ashland;43;3852;-71.269.000;42.148.200;20.9;20.9;0.03548;80.0;3.64;0;0.392;5.876;19.1;92.203;1;315;16.4;395.18;9.25
257;Sherborn;44;3861;-71.223.000;42.145.000;44.0;44.0;0.01538;90.0;3.75;0;0.394;7.454;34.2;63.361;3;244;15.9;386.34;3.11
258;Brookline;45;4001;-71.067.900;42.207.300;50.0;50.0;0.61154;20.0;3.97;0;0.647;8.704;86.9;18.010;5;264;13.0;389.70;5.12
259;Brookline;45;4002;-71.072.700;42.207.700;36.0;36.0;0.66351;20.0;3.97;0;0.647;7.333;100.0;18.946;5;264;13.0;383.29;7.79
260;Brookline;45;4003;-71.076.500;42.207.500;30.1;30.1;0.65665;20.0;3.97;0;0.647;6.842;100.0;20.107;5;264;13.0;391.93;6.90
261;Brookline;45;4004;-71.080.000;42.204.000;33.8;33.8;0.54011;20.0;3.97;0;0.647;7.203;81.8;21.121;5;264;13.0;392.80;9.59
262;Brookline;45;4005;-71.079.000;42.202.000;43.1;43.1;0.53412;20.0;3.97;0;0.647;7.520;89.4;21.398;5;264;13.0;388.37;7.26
263;Brookline;45;4006;-71.083.500;42.200.000;48.8;48.8;0.52014;20.0;3.97;0;0.647;8.398;91.5;22.885;5;264;13.0;386.86;5.91
264;Brookline;45;4007;-71.075.000;42.198.000;31.0;31.0;0.82526;20.0;3.97;0;0.647;7.327;94.5;20.788;5;264;13.0;393.42;11.25
265;Brookline;45;4008;-71.071.000;42.203.000;36.5;36.5;0.55007;20.0;3.97;0;0.647;7.206;91.6;19.301;5;264;13.0;387.89;8.10
266;Brookline;45;4009;-71.070.000;42.200.000;22.8;22.8;0.76162;20.0;3.97;0;0.647;5.560;62.8;19.865;5;264;13.0;392.40;10.45
267;Brookline;45;4010;-71.072.500;42.196.500;30.7;30.7;0.78570;20.0;3.97;0;0.647;7.014;84.6;21.329;5;264;13.0;384.07;14.79
268;Brookline;45;4011;-71.085.000;42.192.500;50.0;50.0;0.57834;20.0;3.97;0;0.575;8.297;67.0;24.216;5;264;13.0;384.54;7.44
269;Brookline;45;4012;-71.092.500;42.207.500;43.5;43.5;0.54050;20.0;3.97;0;0.575;7.470;52.6;28.720;5;264;13.0;390.30;3.16
270;Dedham;46;4021;-71.098.000;42.154.000;20.7;20.7;0.09065;20.0;6.96;1;0.464;5.920;61.5;39.175;3;223;18.6;391.34;13.65
271;Dedham;46;4022;-71.087.000;42.141.000;21.1;21.1;0.29916;20.0;6.96;0;0.464;5.856;42.1;44.290;3;223;18.6;388.65;13.00
272;Dedham;46;4023;-71.094.000;42.135.500;25.2;25.2;0.16211;20.0;6.96;0;0.464;6.240;16.3;44.290;3;223;18.6;396.90;6.59
273;Dedham;46;4024;-71.098.200;42.144.500;24.4;24.4;0.11460;20.0;6.96;0;0.464;6.538;58.7;39.175;3;223;18.6;394.96;7.73
274;Dedham;46;4025;-71.117.000;42.151.000;35.2;35.2;0.22188;20.0;6.96;1;0.464;7.691;51.8;43.665;3;223;18.6;390.77;6.58
275;Needham;47;4031;-71.130.500;42.167.500;32.4;32.4;0.05644;40.0;6.41;1;0.447;6.758;32.9;40.776;4;254;17.6;396.90;3.53
276;Needham;47;4032;-71.138.000;42.173.300;32.0;32.0;0.09604;40.0;6.41;0;0.447;6.854;42.8;42.673;4;254;17.6;396.90;2.98
277;Needham;47;4033;-71.140.500;42.163.200;33.2;33.2;0.10469;40.0;6.41;1;0.447;7.267;49.0;47.872;4;254;17.6;389.25;6.05
278;Needham;47;4034;-71.149.500;42.173.000;33.1;33.1;0.06127;40.0;6.41;1;0.447;6.826;27.6;48.628;4;254;17.6;393.45;4.16
279;Needham;47;4035;-71.139.500;42.181.300;29.1;29.1;0.07978;40.0;6.41;0;0.447;6.482;32.1;41.403;4;254;17.6;396.90;7.19
280;Wellesley;48;4041;-71.148.000;42.188.000;35.1;35.1;0.21038;20.0;3.33;0;0.4429;6.812;32.2;41.007;5;216;14.9;396.90;4.85
281;Wellesley;48;4042;-71.166.000;42.187.000;45.4;45.4;0.03578;20.0;3.33;0;0.4429;7.820;64.5;46.947;5;216;14.9;387.31;3.76
282;Wellesley;48;4043;-71.185.000;42.184.800;35.4;35.4;0.03705;20.0;3.33;0;0.4429;6.968;37.2;52.447;5;216;14.9;392.23;4.59
283;Wellesley;48;4044;-71.177.500;42.173.500;46.0;46.0;0.06129;20.0;3.33;1;0.4429;7.645;49.7;52.119;5;216;14.9;377.07;3.01
284;Dover;49;4051;-71.173.000;42.147.500;50.0;50.0;0.01501;90.0;1.21;1;0.401;7.923;24.8;58.850;1;198;13.6;395.52;3.16
285;Medfield;50;4061;-71.180.000;42.110.500;32.2;32.2;0.00906;90.0;2.97;0;0.4;7.088;20.8;73.073;1;285;15.3;394.72;7.85
286;Millis;51;4071;-71.213.500;42.100.000;22.0;22.0;0.01096;55.0;2.25;0;0.389;6.453;31.9;73.073;1;300;15.3;394.72;8.23
287;Norfolk;52;4091;-71.195.000;42.067.500;20.1;20.1;0.01965;80.0;1.76;0;0.385;6.230;31.5;90.892;1;241;18.2;341.60;12.93
288;Walpole;53;4111;-71.148.000;42.077.500;23.2;23.2;0.03871;52.5;5.32;0;0.405;6.209;31.3;73.172;6;293;16.6;396.90;7.14
289;Walpole;53;4112;-71.132.500;42.094.000;22.3;22.3;0.04590;52.5;5.32;0;0.405;6.315;45.6;73.172;6;293;16.6;396.90;7.60
290;Walpole;53;4113;-71.155.000;42.098.000;24.8;24.8;0.04297;52.5;5.32;0;0.405;6.565;22.9;73.172;6;293;16.6;371.72;9.51
291;Westwood;54;4121;-71.138.500;42.123.500;28.5;28.5;0.03502;80.0;4.95;0;0.411;6.861;27.9;51.167;4;245;19.2;396.90;3.33
292;Westwood;54;4122;-71.133.000;42.140.800;37.3;37.3;0.07886;80.0;4.95;0;0.411;7.148;27.7;51.167;4;245;19.2;396.90;3.56
293;Westwood;54;4123;-71.107.000;42.130.700;27.9;27.9;0.03615;80.0;4.95;0;0.411;6.630;23.4;51.167;4;245;19.2;396.90;4.70
294;Norwood;55;4131;-71.109.000;42.110.000;23.9;23.9;0.08265;0.0;13.92;0;0.437;6.127;18.4;55.027;4;289;16.0;396.90;8.58
295;Norwood;55;4132;-71.118.000;42.121.700;21.7;21.7;0.08199;0.0;13.92;0;0.437;6.009;42.3;55.027;4;289;16.0;396.90;10.40
296;Norwood;55;4133;-71.130.900;42.116.600;28.6;28.6;0.12932;0.0;13.92;0;0.437;6.678;31.1;59.604;4;289;16.0;396.90;6.27
297;Norwood;55;4134;-71.128.000;42.110.800;27.1;27.1;0.05372;0.0;13.92;0;0.437;6.549;51.0;59.604;4;289;16.0;392.85;7.39
298;Norwood;55;4135;-71.121.000;42.102.500;20.3;20.3;0.14103;0.0;13.92;0;0.437;5.790;58.0;63.200;4;289;16.0;396.90;15.84
299;Sharon;56;4141;-71.120.000;42.072.500;22.5;22.5;0.06466;70.0;2.24;0;0.4;6.345;20.1;78.278;5;358;14.8;368.24;4.97
300;Sharon;56;4142;-71.100.000;42.059.000;29.0;29.0;0.05561;70.0;2.24;0;0.4;7.041;10.0;78.278;5;358;14.8;371.58;4.74
301;Sharon;56;4143;-71.103.500;42.073.500;24.8;24.8;0.04417;70.0;2.24;0;0.4;6.871;47.4;78.278;5;358;14.8;390.86;6.07
302;Canton;57;4151;-71.087.500;42.095.000;22.0;22.0;0.03537;34.0;6.09;0;0.433;6.590;40.4;54.917;7;329;16.1;395.75;9.50
303;Canton;57;4152;-71.062.500;42.102.000;26.4;26.4;0.09266;34.0;6.09;0;0.433;6.495;18.4;54.917;7;329;16.1;383.61;8.67
304;Canton;57;4153;-71.086.500;42.120.000;33.1;33.1;0.10000;34.0;6.09;0;0.433;6.982;17.7;54.917;7;329;16.1;390.43;4.86
305;Milton;58;4161;-71.046.500;42.145.000;36.1;36.1;0.05515;33.0;2.18;0;0.472;7.236;41.1;40.220;7;222;18.4;393.68;6.93
306;Milton;58;4162;-71.057.000;42.152.500;28.4;28.4;0.05479;33.0;2.18;0;0.472;6.616;58.1;33.700;7;222;18.4;393.36;8.93
307;Milton;58;4163;-71.045.000;42.159.000;33.4;33.4;0.07503;33.0;2.18;0;0.472;7.420;71.9;30.992;7;222;18.4;396.90;6.47
308;Milton;58;4164;-71.028.000;42.156.500;28.2;28.2;0.04932;33.0;2.18;0;0.472;6.849;70.3;31.827;7;222;18.4;396.90;7.53
309;Quincy;59;4171;-71.013.800;42.155.500;22.8;22.8;0.49298;0.0;9.9;0;0.544;6.635;82.5;33.175;4;304;18.4;396.90;4.54
310;Quincy;59;4172;-71.020.100;42.160.000;20.3;20.3;0.34940;0.0;9.9;0;0.544;5.972;76.7;31.025;4;304;18.4;396.24;9.97
311;Quincy;59;4173;-71.016.000;42.176.000;16.1;16.1;263.548;0.0;9.9;0;0.544;4.973;37.8;25.194;4;304;18.4;350.45;12.64
312;Quincy;59;4174;-71.007.500;42.178.000;22.1;22.1;0.79041;0.0;9.9;0;0.544;6.122;52.8;26.403;4;304;18.4;396.90;5.98
313;Quincy;59;4175;-71.015.000;42.167.000;19.4;19.4;0.26169;0.0;9.9;0;0.544;6.023;90.4;28.340;4;304;18.4;396.30;11.72
314;Quincy;59;4176;-71.007.500;42.161.300;21.6;21.6;0.26938;0.0;9.9;0;0.544;6.266;82.8;32.628;4;304;18.4;393.39;7.90
315;Quincy;59;4177;-71.000.000;42.153.000;23.8;23.8;0.36920;0.0;9.9;0;0.544;6.567;87.3;36.023;4;304;18.4;395.69;9.28
316;Quincy;59;4178;-70.979.500;42.158.000;16.2;16.2;0.25356;0.0;9.9;0;0.544;5.705;77.7;39.450;4;304;18.4;396.42;11.50
317;Quincy;59;4179;-70.988.000;42.148.500;17.8;17.8;0.31827;0.0;9.9;0;0.544;5.914;83.2;39.986;4;304;18.4;390.70;18.33
318;Quincy;59;4180;-71.004.000;42.142.500;19.8;19.8;0.24522;0.0;9.9;0;0.544;5.782;71.7;40.317;4;304;18.4;396.90;15.94
319;Quincy;59;4181;-71.010.000;42.150.000;23.1;23.1;0.40202;0.0;9.9;0;0.544;6.382;67.2;35.325;4;304;18.4;395.21;10.36
320;Quincy;59;4182;-71.020.000;42.151.000;21.0;21.0;0.47547;0.0;9.9;0;0.544;6.113;58.8;40.019;4;304;18.4;396.23;12.73
321;Braintree;60;4191;-71.008.500;42.129.000;23.8;23.8;0.16760;0.0;7.38;0;0.493;6.426;52.3;45.404;5;287;19.6;396.90;7.20
322;Braintree;60;4192;-70.997.500;42.134.000;23.1;23.1;0.18159;0.0;7.38;0;0.493;6.376;54.3;45.404;5;287;19.6;396.90;6.87
323;Braintree;60;4193;-70.990.000;42.136.700;20.4;20.4;0.35114;0.0;7.38;0;0.493;6.041;49.9;47.211;5;287;19.6;396.90;7.70
324;Braintree;60;4194;-70.983.400;42.137.500;18.5;18.5;0.28392;0.0;7.38;0;0.493;5.708;74.3;47.211;5;287;19.6;391.13;11.74
325;Braintree;60;4195;-70.989.500;42.126.500;25.0;25.0;0.34109;0.0;7.38;0;0.493;6.415;40.1;47.211;5;287;19.6;396.90;6.12
326;Braintree;60;4196;-71.000.000;42.106.600;24.6;24.6;0.19186;0.0;7.38;0;0.493;6.431;14.7;54.159;5;287;19.6;393.68;5.08
327;Braintree;60;4197;-70.999.500;42.117.500;23.0;23.0;0.30347;0.0;7.38;0;0.493;6.312;28.9;54.159;5;287;19.6;396.90;6.15
328;Braintree;60;4198;-71.010.000;42.121.500;22.2;22.2;0.24103;0.0;7.38;0;0.493;6.083;43.7;54.159;5;287;19.6;396.90;12.79
329;Randolph;61;4201;-71.027.500;42.113.000;19.3;19.3;0.06617;0.0;3.24;0;0.46;5.868;25.8;52.146;4;430;16.9;382.44;9.97
330;Randolph;61;4202;-71.041.500;42.115.000;22.6;22.6;0.06724;0.0;3.24;0;0.46;6.333;17.2;52.146;4;430;16.9;375.21;7.34
331;Randolph;61;4203;-71.025.000;42.098.000;19.8;19.8;0.04544;0.0;3.24;0;0.46;6.144;32.2;58.736;4;430;16.9;368.57;9.09
332;Holbrook;62;4211;-71.011.500;42.086.500;17.1;17.1;0.05023;35.0;6.06;0;0.4379;5.706;28.4;66.407;1;304;16.9;394.02;12.43
333;Holbrook;62;4212;-70.996.000;42.089.500;19.4;19.4;0.03466;35.0;6.06;0;0.4379;6.031;23.3;66.407;1;304;16.9;362.25;7.83
334;Weymouth;63;4221;-70.979.500;42.099.500;22.2;22.2;0.05083;0.0;5.19;0;0.515;6.316;38.1;64.584;5;224;20.2;389.71;5.68
335;Weymouth;63;4222;-70.965.000;42.101.000;20.7;20.7;0.03738;0.0;5.19;0;0.515;6.310;38.5;64.584;5;224;20.2;389.40;6.75
336;Weymouth;63;4223;-70.970.000;42.115.000;21.1;21.1;0.03961;0.0;5.19;0;0.515;6.037;34.5;59.853;5;224;20.2;396.90;8.01
337;Weymouth;63;4224;-70.976.000;42.128.000;19.5;19.5;0.03427;0.0;5.19;0;0.515;5.869;46.3;52.311;5;224;20.2;396.90;9.80
338;Weymouth;63;4225;-70.960.200;42.127.000;18.5;18.5;0.03041;0.0;5.19;0;0.515;5.895;59.6;56.150;5;224;20.2;394.81;10.56
339;Weymouth;63;4226;-70.963.300;42.137.400;20.6;20.6;0.03306;0.0;5.19;0;0.515;6.059;37.3;48.122;5;224;20.2;396.14;8.51
340;Weymouth;63;4227;-70.967.500;42.144.000;19.0;19.0;0.05497;0.0;5.19;0;0.515;5.985;45.4;48.122;5;224;20.2;396.90;9.74
341;Weymouth;63;4228;-70.965.000;42.150.300;18.7;18.7;0.06151;0.0;5.19;0;0.515;5.968;58.5;48.122;5;224;20.2;396.90;9.29
342;Cohasset;64;4231;-70.887.500;42.146.500;32.7;32.7;0.01301;35.0;1.52;0;0.442;7.241;49.3;70.379;1;284;15.5;394.74;5.49
343;Hull;65;5001;-70.915.000;42.160.000;16.5;16.5;0.02498;0.0;1.89;0;0.518;6.540;59.7;62.669;1;422;15.9;389.96;8.65
344;Hingham;66;5011;-70.937.000;42.147.500;23.9;23.9;0.02543;55.0;3.78;0;0.484;6.696;56.4;57.321;5;370;17.6;396.90;7.18
345;Hingham;66;5012;-70.932.500;42.123.000;31.2;31.2;0.03049;55.0;3.78;0;0.484;6.874;28.1;64.654;5;370;17.6;387.97;4.61
346;Rockland;67;5021;-70.947.000;42.072.500;17.5;17.5;0.03113;0.0;4.39;0;0.442;6.014;48.5;80.136;3;352;18.8;385.64;10.53
347;Rockland;67;5022;-70.950.100;42.082.500;17.2;17.2;0.06162;0.0;4.39;0;0.442;5.898;52.3;80.136;3;352;18.8;364.61;12.67
348;Hanover;68;5031;-70.927.500;42.079.500;23.1;23.1;0.01870;85.0;4.15;0;0.429;6.516;27.7;85.353;4;351;17.9;392.43;6.36
349;Norwell;69;5041;-70.920.000;42.101.600;24.5;24.5;0.01501;80.0;2.01;0;0.435;6.635;29.7;83.440;4;280;17.0;390.94;5.99
350;Scituate;70;5051;-70.855.000;42.130.000;26.6;26.6;0.02899;40.0;1.25;0;0.429;6.939;34.5;87.921;1;335;19.7;389.85;5.89
351;Scituate;70;5052;-70.833.000;42.115.000;22.9;22.9;0.06211;40.0;1.25;0;0.429;6.490;44.4;87.921;1;335;19.7;396.90;5.98
352;Marshfield;71;5061;-70.830.000;42.077.500;24.1;24.1;0.07950;60.0;1.69;0;0.411;6.579;35.9;107.103;4;411;18.3;370.78;5.49
353;Marshfield;71;5062;-70.810.000;42.059.000;18.6;18.6;0.07244;60.0;1.69;0;0.411;5.884;18.5;107.103;4;411;18.3;392.33;7.79
354;Duxbury;72;5071;-70.830.000;42.048.500;30.1;30.1;0.01709;90.0;2.02;0;0.41;6.728;36.1;121.265;5;187;17.0;384.46;4.50
355;Pembroke;73;5081;-70.853.000;42.052.000;18.2;18.2;0.04301;80.0;1.91;0;0.413;5.663;21.9;105.857;4;334;22.0;382.80;8.05
356;Pembroke;73;5082;-70.852.500;42.030.000;20.6;20.6;0.10659;80.0;1.91;0;0.413;5.936;19.5;105.857;4;334;22.0;376.04;5.57
357;Boston Allston-Brighton;74;1;-71.083.000;42.217.200;17.8;17.8;898.296;0.0;18.1;1;0.77;6.212;97.4;21.222;24;666;20.2;377.73;17.60
358;Boston Allston-Brighton;74;2;-71.095.000;42.212.000;21.7;21.7;384.970;0.0;18.1;1;0.77;6.395;91.0;25.052;24;666;20.2;391.34;13.27
359;Boston Allston-Brighton;74;3;-71.100.700;42.210.000;22.7;22.7;520.177;0.0;18.1;1;0.77;6.127;83.4;27.227;24;666;20.2;395.43;11.48
360;Boston Allston-Brighton;74;4;-71.093.000;42.207.000;22.6;22.6;426.131;0.0;18.1;0;0.77;6.112;81.3;25.091;24;666;20.2;390.74;12.67
361;Boston Allston-Brighton;74;5;-71.090.500;42.203.300;25.0;25.0;454.192;0.0;18.1;0;0.77;6.398;88.0;25.182;24;666;20.2;374.56;7.79
362;Boston Allston-Brighton;74;6;-71.086.500;42.210.000;19.9;19.9;383.684;0.0;18.1;0;0.77;6.251;91.1;22.955;24;666;20.2;350.65;14.19
363;Boston Allston-Brighton;74;7;-71.081.000;42.208.000;20.8;20.8;367.822;0.0;18.1;0;0.77;5.362;96.2;21.036;24;666;20.2;380.79;10.19
364;Boston Allston-Brighton;74;8;-71.086.500;42.215.000;16.8;16.8;422.239;0.0;18.1;1;0.77;5.803;89.0;19.047;24;666;20.2;353.04;14.64
365;Boston Back Bay;75;101;-71.059.000;42.209.800;21.9;21.9;347.428;0.0;18.1;1;0.718;8.780;82.9;19.047;24;666;20.2;354.55;5.29
366;Boston Back Bay;75;102;-71.059.500;42.207.500;27.5;27.5;455.587;0.0;18.1;0;0.718;3.561;87.9;16.132;24;666;20.2;354.70;7.12
367;Boston Back Bay;75;104;-71.054.000;42.205.200;21.9;21.9;369.695;0.0;18.1;0;0.718;4.963;91.4;17.523;24;666;20.2;316.03;14.00
368;Boston Back Bay;75;105;-71.050.800;42.207.000;23.1;23.1;1.352.220;0.0;18.1;0;0.631;3.863;100.0;15.106;24;666;20.2;131.42;13.33
369;Boston Back Bay;75;107;-71.048.000;42.210.500;50.0;50.0;489.822;0.0;18.1;0;0.631;4.970;100.0;13.325;24;666;20.2;375.52;3.26
370;Boston Back Bay;75;108;-71.049.700;42.212.500;50.0;50.0;566.998;0.0;18.1;1;0.631;6.683;96.8;13.567;24;666;20.2;375.33;3.73
371;Boston Beacon Hill;76;201;-71.042.200;42.214.400;50.0;50.0;653.876;0.0;18.1;1;0.631;7.016;97.5;12.024;24;666;20.2;392.05;2.96
372;Boston Beacon Hill;76;202;-71.041.700;42.216.000;50.0;50.0;923.230;0.0;18.1;0;0.631;6.216;100.0;11.691;24;666;20.2;366.15;9.53
373;Boston Beacon Hill;76;203;-71.039.700;42.218.200;50.0;50.0;826.725;0.0;18.1;1;0.668;5.875;89.6;11.296;24;666;20.2;347.88;8.88
374;Boston North End;77;301;-71.033.900;42.220.700;13.8;13.8;1.110.810;0.0;18.1;0;0.668;4.906;100.0;11.742;24;666;20.2;396.90;34.77
375;Boston North End;77;302;-71.034.600;42.218.700;13.8;13.8;1.849.820;0.0;18.1;0;0.668;4.138;100.0;11.370;24;666;20.2;396.90;37.97
376;Boston Charlestown;78;401;-71.036.700;42.224.000;15.0;15.0;1.960.910;0.0;18.1;0;0.671;7.313;97.9;13.163;24;666;20.2;396.90;13.44
377;Boston Charlestown;78;402;-71.034.000;42.226.000;13.9;13.9;1.528.800;0.0;18.1;0;0.671;6.649;93.3;13.449;24;666;20.2;363.02;23.24
378;Boston Charlestown;78;403;-71.038.000;42.226.500;13.3;13.3;982.349;0.0;18.1;0;0.671;6.794;98.8;13.580;24;666;20.2;396.90;21.24
379;Boston Charlestown;78;404;-71.040.000;42.224.800;13.1;13.1;2.364.820;0.0;18.1;0;0.671;6.380;96.2;13.861;24;666;20.2;396.90;23.69
380;Boston Charlestown;78;405;-71.040.000;42.227.500;10.2;10.2;1.786.670;0.0;18.1;0;0.671;6.223;100.0;13.861;24;666;20.2;393.74;21.78
381;Boston Charlestown;78;406;-71.046.000;42.230.000;10.4;10.4;8.897.620;0.0;18.1;0;0.671;6.968;91.9;14.165;24;666;20.2;396.90;17.21
382;Boston East Boston;79;407;-71.041.000;42.229.000;10.9;10.9;1.587.440;0.0;18.1;0;0.671;6.545;99.1;15.192;24;666;20.2;396.90;21.08
383;Boston East Boston;79;501;-71.023.000;42.228.700;11.3;11.3;918.702;0.0;18.1;0;0.7;5.536;100.0;15.804;24;666;20.2;396.90;23.60
384;Boston East Boston;79;502;-71.021.500;42.227.000;12.3;12.3;799.248;0.0;18.1;0;0.7;5.520;100.0;15.331;24;666;20.2;396.90;24.56
385;Boston East Boston;79;503;-71.024.500;42.223.500;8.8;8.8;2.008.490;0.0;18.1;0;0.7;4.368;91.2;14.395;24;666;20.2;285.83;30.63
386;Boston East Boston;79;504;-71.023.500;42.221.300;7.2;7.2;1.681.180;0.0;18.1;0;0.7;5.277;98.1;14.261;24;666;20.2;396.90;30.81
387;Boston East Boston;79;506;-71.022.800;42.223.100;10.5;10.5;2.439.380;0.0;18.1;0;0.7;4.652;100.0;14.672;24;666;20.2;396.90;28.28
388;Boston East Boston;79;507;-71.021.500;42.224.800;7.4;7.4;2.259.710;0.0;18.1;0;0.7;5.000;89.5;15.184;24;666;20.2;396.90;31.99
389;Boston East Boston;79;508;-71.019.500;42.225.500;10.2;10.2;1.433.370;0.0;18.1;0;0.7;4.880;100.0;15.895;24;666;20.2;372.92;30.62
390;Boston East Boston;79;509;-71.016.800;42.228.100;11.5;11.5;815.174;0.0;18.1;0;0.7;5.390;98.9;17.281;24;666;20.2;396.90;20.85
391;Boston East Boston;79;510;-71.010.900;42.230.000;15.1;15.1;696.215;0.0;18.1;0;0.7;5.713;97.0;19.265;24;666;20.2;394.43;17.11
392;Boston East Boston;79;511;-71.003.500;42.233.000;23.2;23.2;529.305;0.0;18.1;0;0.7;6.051;82.5;21.678;24;666;20.2;378.38;18.76
393;Boston East Boston;79;512;-71.020.000;42.220.500;9.7;9.7;1.157.790;0.0;18.1;0;0.7;5.036;97.0;17.700;24;666;20.2;396.90;25.68
394;Boston South Boston;80;601;-71.016.700;42.201.000;13.8;13.8;864.476;0.0;18.1;0;0.693;6.193;92.6;17.912;24;666;20.2;396.90;15.17
395;Boston South Boston;80;602;-71.020.000;42.199.300;12.7;12.7;1.335.980;0.0;18.1;0;0.693;5.887;94.7;17.821;24;666;20.2;396.90;16.35
396;Boston South Boston;80;603;-71.022.000;42.199.600;13.1;13.1;871.675;0.0;18.1;0;0.693;6.471;98.8;17.257;24;666;20.2;391.98;17.12
397;Boston South Boston;80;604;-71.026.000;42.199.300;12.5;12.5;587.205;0.0;18.1;0;0.693;6.405;96.0;16.768;24;666;20.2;396.90;19.37
398;Boston South Boston;80;605;-71.025.000;42.202.400;8.5;8.5;767.202;0.0;18.1;0;0.693;5.747;98.9;16.334;24;666;20.2;393.10;19.92
399;Boston South Boston;80;606;-71.023.000;42.209.000;5.0;5.0;3.835.180;0.0;18.1;0;0.693;5.453;100.0;14.896;24;666;20.2;396.90;30.59
400;Boston South Boston;80;607;-71.033.000;42.203.200;6.3;6.3;991.655;0.0;18.1;0;0.693;5.852;77.8;15.004;24;666;20.2;338.16;29.97
401;Boston South Boston;80;608;-71.032.600;42.201.100;5.6;5.6;2.504.610;0.0;18.1;0;0.693;5.987;100.0;15.888;24;666;20.2;396.90;26.77
402;Boston South Boston;80;609;-71.030.000;42.201.500;7.2;7.2;1.423.620;0.0;18.1;0;0.693;6.343;100.0;15.741;24;666;20.2;396.90;20.32
403;Boston South Boston;80;610;-71.030.000;42.198.800;12.1;12.1;959.571;0.0;18.1;0;0.693;6.404;100.0;16.390;24;666;20.2;376.11;20.31
404;Boston South Boston;80;612;-71.033.200;42.198.000;8.3;8.3;2.480.170;0.0;18.1;0;0.693;5.349;96.0;17.028;24;666;20.2;396.90;19.77
405;Boston South Boston;80;613;-71.034.500;42.200.100;8.5;8.5;4.152.920;0.0;18.1;0;0.693;5.531;85.4;16.074;24;666;20.2;329.46;27.38
406;Boston South Boston;80;614;-71.032.000;42.205.700;5.0;5.0;6.792.080;0.0;18.1;0;0.693;5.683;100.0;14.254;24;666;20.2;384.97;22.98
407;Boston Downtown;81;702;-71.039.000;42.219.800;11.9;11.9;2.071.620;0.0;18.1;0;0.659;4.138;100.0;11.781;24;666;20.2;370.22;23.34
408;Boston Downtown;81;703;-71.042.700;42.209.000;27.9;27.9;1.195.110;0.0;18.1;0;0.659;5.608;100.0;12.852;24;666;20.2;332.09;12.13
409;Boston Downtown;81;705;-71.043.700;42.205.000;17.2;17.2;740.389;0.0;18.1;0;0.597;5.617;97.9;14.547;24;666;20.2;314.64;26.40
410;Boston Downtown;81;706;-71.045.500;42.206.000;27.5;27.5;1.443.830;0.0;18.1;0;0.597;6.852;100.0;14.655;24;666;20.2;179.36;19.78
411;Boston Downtown;81;707;-71.046.200;42.207.500;15.0;15.0;5.113.580;0.0;18.1;0;0.597;5.757;100.0;14.130;24;666;20.2;2.60;10.11
412;Boston Downtown;81;708;-71.048.700;42.204.800;17.2;17.2;1.405.070;0.0;18.1;0;0.597;6.657;100.0;15.275;24;666;20.2;35.05;21.22
413;Boston Downtown;81;709;-71.047.000;42.203.000;17.9;17.9;1.881.100;0.0;18.1;0;0.597;4.628;100.0;15.539;24;666;20.2;28.79;34.37
414;Boston Downtown;81;710;-71.045.100;42.201.500;16.3;16.3;2.865.580;0.0;18.1;0;0.597;5.155;100.0;15.894;24;666;20.2;210.97;20.08
415;Boston Roxbury;82;801;-71.042.000;42.198.500;7.0;7.0;4.574.610;0.0;18.1;0;0.693;4.519;100.0;16.582;24;666;20.2;88.27;36.98
416;Boston Roxbury;82;802;-71.045.500;42.195.300;7.2;7.2;1.808.460;0.0;18.1;0;0.679;6.434;100.0;18.347;24;666;20.2;27.25;29.05
417;Boston Roxbury;82;803;-71.047.700;42.196.500;7.5;7.5;1.083.420;0.0;18.1;0;0.679;6.782;90.8;18.195;24;666;20.2;21.57;25.79
418;Boston Roxbury;82;805;-71.049.800;42.200.700;10.4;10.4;2.594.060;0.0;18.1;0;0.679;5.304;89.1;16.475;24;666;20.2;127.36;26.64
419;Boston Roxbury;82;807;-71.052.500;42.198.900;8.8;8.8;7.353.410;0.0;18.1;0;0.679;5.957;100.0;18.026;24;666;20.2;16.45;20.62
420;Boston Roxbury;82;808;-71.058.600;42.199.900;8.4;8.4;1.181.230;0.0;18.1;0;0.718;6.824;76.5;17.940;24;666;20.2;48.45;22.74
421;Boston Roxbury;82;809;-71.061.800;42.199.000;16.7;16.7;1.108.740;0.0;18.1;0;0.718;6.411;100.0;18.589;24;666;20.2;318.75;15.02
422;Boston Roxbury;82;810;-71.065.000;42.201.800;14.2;14.2;702.259;0.0;18.1;0;0.718;6.006;95.3;18.746;24;666;20.2;319.98;15.70
423;Boston Roxbury;82;811;-71.066.500;42.197.000;20.8;20.8;1.204.820;0.0;18.1;0;0.614;5.648;87.6;19.512;24;666;20.2;291.55;14.10
424;Boston Roxbury;82;812;-71.061.900;42.194.800;13.4;13.4;705.042;0.0;18.1;0;0.614;6.103;85.1;20.218;24;666;20.2;2.52;23.29
425;Boston Roxbury;82;813;-71.059.000;42.192.000;11.7;11.7;879.212;0.0;18.1;0;0.584;5.565;70.6;20.635;24;666;20.2;3.65;17.16
426;Boston Roxbury;82;814;-71.057.700;42.196.700;8.3;8.3;1.586.030;0.0;18.1;0;0.679;5.896;95.4;19.096;24;666;20.2;7.68;24.39
427;Boston Roxbury;82;815;-71.055.800;42.193.700;10.2;10.2;1.224.720;0.0;18.1;0;0.584;5.837;59.7;19.976;24;666;20.2;24.65;15.69
428;Boston Roxbury;82;816;-71.054.200;42.196.100;10.9;10.9;3.766.190;0.0;18.1;0;0.679;6.202;78.7;18.629;24;666;20.2;18.82;14.52
429;Boston Roxbury;82;817;-71.052.100;42.194.000;11.0;11.0;736.711;0.0;18.1;0;0.679;6.193;78.1;19.356;24;666;20.2;96.73;21.52
430;Boston Roxbury;82;818;-71.048.500;42.192.000;9.5;9.5;933.889;0.0;18.1;0;0.679;6.380;95.6;19.682;24;666;20.2;60.72;24.08
431;Boston Roxbury;82;819;-71.054.700;42.189.000;14.5;14.5;849.213;0.0;18.1;0;0.584;6.348;86.1;20.527;24;666;20.2;83.45;17.64
432;Boston Roxbury;82;820;-71.050.500;42.188.000;14.1;14.1;1.006.230;0.0;18.1;0;0.584;6.833;94.3;20.882;24;666;20.2;81.33;19.69
433;Boston Roxbury;82;821;-71.052.000;42.185.400;16.1;16.1;644.405;0.0;18.1;0;0.584;6.425;74.8;22.004;24;666;20.2;97.95;12.03
434;Boston Savin Hill;83;901;-71.049.500;42.181.500;14.3;14.3;558.107;0.0;18.1;0;0.713;6.436;87.9;23.158;24;666;20.2;100.19;16.22
435;Boston Savin Hill;83;902;-71.047.500;42.184.200;11.7;11.7;1.391.340;0.0;18.1;0;0.713;6.208;95.0;22.222;24;666;20.2;100.63;15.17
436;Boston Savin Hill;83;903;-71.046.000;42.186.700;13.4;13.4;1.116.040;0.0;18.1;0;0.74;6.629;94.6;21.247;24;666;20.2;109.85;23.27
437;Boston Savin Hill;83;904;-71.045.500;42.189.300;9.6;9.6;1.442.080;0.0;18.1;0;0.74;6.461;93.3;20.026;24;666;20.2;27.49;18.05
438;Boston Savin Hill;83;905;-71.044.500;42.191.700;8.7;8.2;1.517.720;0.0;18.1;0;0.74;6.152;100.0;19.142;24;666;20.2;9.32;26.45
439;Boston Savin Hill;83;906;-71.044.500;42.193.800;8.4;8.4;1.367.810;0.0;18.1;0;0.74;5.935;87.9;18.206;24;666;20.2;68.95;34.02
440;Boston Savin Hill;83;907;-71.037.000;42.194.000;12.8;12.8;939.063;0.0;18.1;0;0.74;5.627;93.9;18.172;24;666;20.2;396.90;22.88
441;Boston Savin Hill;83;908;-71.032.100;42.192.500;10.5;10.5;2.205.110;0.0;18.1;0;0.74;5.818;92.4;18.662;24;666;20.2;391.45;22.11
442;Boston Savin Hill;83;910;-71.034.500;42.185.000;17.1;17.1;972.418;0.0;18.1;0;0.74;6.406;97.2;20.651;24;666;20.2;385.96;19.52
443;Boston Savin Hill;83;911;-71.034.000;42.189.000;18.4;14.8;566.637;0.0;18.1;0;0.74;6.219;100.0;20.048;24;666;20.2;395.69;16.59
444;Boston Savin Hill;83;912;-71.037.800;42.189.200;15.4;15.4;996.654;0.0;18.1;0;0.74;6.485;100.0;19.784;24;666;20.2;386.73;18.85
445;Boston Savin Hill;83;913;-71.040.500;42.192.000;10.8;10.8;1.280.230;0.0;18.1;0;0.74;5.854;96.6;18.956;24;666;20.2;240.52;23.79
446;Boston Savin Hill;83;914;-71.042.500;42.189.000;11.8;11.8;1.067.180;0.0;18.1;0;0.74;6.459;94.8;19.879;24;666;20.2;43.06;23.98
447;Boston Savin Hill;83;915;-71.039.000;42.186.800;14.9;14.9;628.807;0.0;18.1;0;0.74;6.341;96.4;20.720;24;666;20.2;318.01;17.79
448;Boston Savin Hill;83;916;-71.037.000;42.184.000;12.6;12.6;992.485;0.0;18.1;0;0.74;6.251;96.6;21.980;24;666;20.2;388.52;16.44
449;Boston Savin Hill;83;917;-71.040.000;42.182.000;14.1;14.1;932.909;0.0;18.1;0;0.713;6.185;98.7;22.616;24;666;20.2;396.90;18.13
450;Boston Savin Hill;83;918;-71.042.800;42.184.500;13.0;13.0;752.601;0.0;18.1;0;0.713;6.417;98.3;21.850;24;666;20.2;304.21;19.31
451;Boston Savin Hill;83;919;-71.046.000;42.181.000;13.4;13.4;671.772;0.0;18.1;0;0.713;6.749;92.6;23.236;24;666;20.2;0.32;17.44
452;Boston Savin Hill;83;920;-71.041.000;42.179.500;15.2;15.2;544.114;0.0;18.1;0;0.713;6.655;98.2;23.552;24;666;20.2;355.29;17.73
453;Boston Savin Hill;83;921;-71.034.000;42.179.000;16.1;16.1;509.017;0.0;18.1;0;0.713;6.297;91.8;23.682;24;666;20.2;385.09;17.27
454;Boston Savin Hill;83;922;-71.040.000;42.177.000;17.8;17.8;824.809;0.0;18.1;0;0.713;7.393;99.3;24.527;24;666;20.2;375.87;16.74
455;Boston Savin Hill;83;923;-71.045.500;42.176.800;14.9;14.4;951.363;0.0;18.1;0;0.713;6.728;94.1;24.961;24;666;20.2;6.68;18.71
456;Boston Savin Hill;83;924;-71.051.000;42.178.000;14.1;14.1;475.237;0.0;18.1;0;0.713;6.525;86.5;24.358;24;666;20.2;50.92;18.13
457;Boston Dorchester;84;1001;-71.051.700;42.173.500;12.7;12.7;466.883;0.0;18.1;0;0.713;5.976;87.9;25.806;24;666;20.2;10.48;19.01
458;Boston Dorchester;84;1002;-71.051.500;42.170.000;13.5;13.5;820.058;0.0;18.1;0;0.713;5.936;80.3;27.792;24;666;20.2;3.50;16.94
459;Boston Dorchester;84;1003;-71.047.500;42.169.000;14.9;14.9;775.223;0.0;18.1;0;0.713;6.301;83.7;27.831;24;666;20.2;272.21;16.23
460;Boston Dorchester;84;1004;-71.043.000;42.169.000;20.0;20.0;680.117;0.0;18.1;0;0.713;6.081;84.4;27.175;24;666;20.2;396.90;14.70
461;Boston Dorchester;84;1005;-71.043.000;42.172.800;16.4;16.4;481.213;0.0;18.1;0;0.713;6.701;90.0;25.975;24;666;20.2;255.23;16.42
462;Boston Dorchester;84;1006;-71.035.000;42.174.500;17.7;17.7;369.311;0.0;18.1;0;0.713;6.376;88.4;25.671;24;666;20.2;391.43;14.65
463;Boston Dorchester;84;1007;-71.031.000;42.169.500;19.5;19.5;665.492;0.0;18.1;0;0.713;6.317;83.0;27.344;24;666;20.2;396.90;13.99
464;Boston Dorchester;84;1008;-71.035.800;42.167.500;20.2;20.2;582.115;0.0;18.1;0;0.713;6.513;89.9;28.016;24;666;20.2;393.82;10.29
465;Boston Dorchester;84;1009;-71.045.000;42.164.000;21.4;21.4;783.932;0.0;18.1;0;0.655;6.209;65.4;29.634;24;666;20.2;396.90;13.22
466;Boston Dorchester;84;1010;-71.055.000;42.165.000;19.9;19.9;316.360;0.0;18.1;0;0.655;5.759;48.2;30.665;24;666;20.2;334.40;14.13
467;Boston Dorchester;84;1011;-71.055.000;42.168.500;19.0;19.0;377.498;0.0;18.1;0;0.655;5.952;84.7;28.715;24;666;20.2;22.01;17.15
468;Boston Mattapan;85;1101;-71.066.000;42.178.000;19.1;19.1;442.228;0.0;18.1;0;0.584;6.003;94.5;25.403;24;666;20.2;331.29;21.32
469;Boston Mattapan;85;1102;-71.070.000;42.168.000;19.1;19.1;1.557.570;0.0;18.1;0;0.58;5.926;71.0;29.084;24;666;20.2;368.74;18.13
470;Boston Mattapan;85;1103;-71.069.000;42.172.500;20.1;20.1;1.307.510;0.0;18.1;0;0.58;5.713;56.7;28.237;24;666;20.2;396.90;14.76
471;Boston Mattapan;85;1104;-71.074.000;42.168.000;19.9;19.9;434.879;0.0;18.1;0;0.58;6.167;84.0;30.334;24;666;20.2;396.90;16.29
472;Boston Mattapan;85;1105;-71.082.500;42.169.800;19.6;19.6;403.841;0.0;18.1;0;0.532;6.229;90.7;30.993;24;666;20.2;395.33;12.87
473;Boston Mattapan;85;1106;-71.083.300;42.175.000;23.2;23.2;356.868;0.0;18.1;0;0.58;6.437;75.0;28.965;24;666;20.2;393.37;14.36
474;Boston Forest Hills;86;1201;-71.073.200;42.184.000;29.8;29.8;464.689;0.0;18.1;0;0.614;6.980;67.6;25.329;24;666;20.2;374.68;11.66
475;Boston Forest Hills;86;1202;-71.055.000;42.183.000;13.8;13.8;805.579;0.0;18.1;0;0.584;5.427;95.4;24.298;24;666;20.2;352.58;18.14
476;Boston Forest Hills;86;1203;-71.051.100;42.187.900;13.3;13.3;639.312;0.0;18.1;0;0.584;6.162;97.4;22.060;24;666;20.2;302.76;24.10
477;Boston Forest Hills;86;1204;-71.056.500;42.188.000;16.7;16.7;487.141;0.0;18.1;0;0.614;6.484;93.6;23.053;24;666;20.2;396.21;18.68
478;Boston Forest Hills;86;1205;-71.052.800;42.192.000;12.0;12.0;1.502.340;0.0;18.1;0;0.614;5.304;97.3;21.007;24;666;20.2;349.48;24.91
479;Boston Forest Hills;86;1206;-71.055.800;42.191.300;14.6;14.6;1.023.300;0.0;18.1;0;0.614;6.185;96.7;21.705;24;666;20.2;379.70;18.03
480;Boston Forest Hills;86;1207;-71.067.000;42.194.500;21.4;21.4;1.433.370;0.0;18.1;0;0.614;6.229;88.0;19.512;24;666;20.2;383.32;13.11
481;Boston West Roxbury;87;1301;-71.100.800;42.174.000;23.0;23.0;582.401;0.0;18.1;0;0.532;6.242;64.7;34.242;24;666;20.2;396.90;10.74
482;Boston West Roxbury;87;1302;-71.095.000;42.173.000;23.7;23.7;570.818;0.0;18.1;0;0.532;6.750;74.9;33.317;24;666;20.2;393.07;7.74
483;Boston West Roxbury;87;1303;-71.090.000;42.166.500;25.0;25.0;573.116;0.0;18.1;0;0.532;7.061;77.0;34.106;24;666;20.2;395.28;7.01
484;Boston West Roxbury;87;1304;-71.097.500;42.160.800;21.8;21.8;281.838;0.0;18.1;0;0.532;5.762;40.3;40.983;24;666;20.2;392.92;10.42
485;Boston Hyde Park;88;1401;-71.080.400;42.154.000;20.6;20.6;237.857;0.0;18.1;0;0.583;5.871;41.9;37.240;24;666;20.2;370.73;13.34
486;Boston Hyde Park;88;1402;-71.075.000;42.145.500;21.2;21.2;367.367;0.0;18.1;0;0.583;6.312;51.9;39.917;24;666;20.2;388.62;10.58
487;Boston Hyde Park;88;1403;-71.071.500;42.155.000;19.1;19.1;569.175;0.0;18.1;0;0.583;6.114;79.8;35.459;24;666;20.2;392.68;14.98
488;Boston Hyde Park;88;1404;-71.065.000;42.161.000;20.6;20.6;483.567;0.0;18.1;0;0.583;5.905;53.2;31.523;24;666;20.2;388.22;11.45
489;Chelsea;89;1601;-71.018.900;42.234.400;15.2;15.2;0.15086;0.0;27.74;0;0.609;5.454;92.7;18.209;4;711;20.1;395.09;18.06
490;Chelsea;89;1602;-71.022.800;42.233.500;7.0;7.0;0.18337;0.0;27.74;0;0.609;5.414;98.3;17.554;4;711;20.1;344.05;23.97
491;Chelsea;89;1604;-71.024.500;42.236.800;8.1;8.1;0.20746;0.0;27.74;0;0.609;5.093;98.0;18.226;4;711;20.1;318.43;29.68
492;Chelsea;89;1605;-71.016.000;42.238.200;13.6;13.6;0.10574;0.0;27.74;0;0.609;5.983;98.8;18.681;4;711;20.1;390.11;18.07
493;Chelsea;89;1606;-71.029.700;42.244.700;20.1;20.1;0.11132;0.0;27.74;0;0.609;5.983;83.5;21.099;4;711;20.1;396.90;13.35
494;Revere;90;1701;-71.012.500;42.246.200;21.8;21.8;0.17331;0.0;9.69;0;0.585;5.707;54.0;23.817;6;391;19.2;396.90;12.01
495;Revere;90;1702;-71.012.500;42.250.000;24.5;24.5;0.27957;0.0;9.69;0;0.585;5.926;42.6;23.817;6;391;19.2;396.90;13.59
496;Revere;90;1703;-71.010.500;42.254.700;23.1;23.1;0.17899;0.0;9.69;0;0.585;5.670;28.8;27.986;6;391;19.2;393.29;17.60
497;Revere;90;1704;-71.001.000;42.252.500;19.7;19.7;0.28960;0.0;9.69;0;0.585;5.390;72.9;27.986;6;391;19.2;396.90;21.14
498;Revere;90;1705;-70.994.700;42.249.600;18.3;18.3;0.26838;0.0;9.69;0;0.585;5.794;70.6;28.927;6;391;19.2;396.90;14.10
499;Revere;90;1706;-71.005.000;42.245.500;21.2;21.2;0.23912;0.0;9.69;0;0.585;6.019;65.3;24.091;6;391;19.2;396.90;12.92
500;Revere;90;1707;-70.998.500;42.243.000;17.5;17.5;0.17783;0.0;9.69;0;0.585;5.569;73.5;23.999;6;391;19.2;395.77;15.10
501;Revere;90;1708;-70.992.000;42.238.000;16.8;16.8;0.22438;0.0;9.69;0;0.585;6.027;79.7;24.982;6;391;19.2;396.90;14.33
502;Winthrop;91;1801;-70.986.000;42.231.200;22.4;22.4;0.06263;0.0;11.93;0;0.573;6.593;69.1;24.786;1;273;21.0;391.99;9.67
503;Winthrop;91;1802;-70.991.000;42.227.500;20.6;20.6;0.04527;0.0;11.93;0;0.573;6.120;76.7;22.875;1;273;21.0;396.90;9.08
504;Winthrop;91;1803;-70.994.800;42.226.000;23.9;23.9;0.06076;0.0;11.93;0;0.573;6.976;91.0;21.675;1;273;21.0;396.90;5.64
505;Winthrop;91;1804;-70.987.500;42.224.000;22.0;22.0;0.10959;0.0;11.93;0;0.573;6.794;89.3;23.889;1;273;21.0;393.45;6.48
506;Winthrop;91;1805;-70.982.500;42.221.000;11.9;19.0;0.04741;0.0;11.93;0;0.573;6.030;80.8;25.050;1;273;21.0;396.90;7.88
